{
    "coords": "opengl",
    "projection": [[1.5466279, 0, 0, 0], [0, 1.9209821, 0, 0], [0, 0, -1.0000489, -0.20000489], [0, 0, -1, 0]],
    "view": [[0.7494377, 0.6620749, 0, -173.58592], [-0.21641867, 0.24497575, 0.9450661, 41.90426], [0.62570465, -0.708268, 0.3268794, -66.97409], [0, 0, 0, 1]]
}